<?xml version="1.0" encoding="UTF-8"?><rss version="2.0"
	xmlns:content="http://purl.org/rss/1.0/modules/content/"
	xmlns:wfw="http://wellformedweb.org/CommentAPI/"
	xmlns:dc="http://purl.org/dc/elements/1.1/"
	xmlns:atom="http://www.w3.org/2005/Atom"
	xmlns:sy="http://purl.org/rss/1.0/modules/syndication/"
	xmlns:slash="http://purl.org/rss/1.0/modules/slash/"
	>

<channel>
	<title>Prodotti</title>
	<atom:link href="http://localhost/w5g1/negozio/feed/?simply_static_page=46" rel="self" type="application/rss+xml" />
	<link></link>
	<description>Un nuovo sito targato WordPress</description>
	<lastBuildDate>Mon, 20 Mar 2023 14:44:02 +0000</lastBuildDate>
	<language>it-IT</language>
	<sy:updatePeriod>
	hourly	</sy:updatePeriod>
	<sy:updateFrequency>
	1	</sy:updateFrequency>
	<generator>https://wordpress.org/?v=6.1.1</generator>
	<item>
		<title>Smart Watch</title>
		<link>/prodotto/smart-watch/</link>
					<comments>/prodotto/smart-watch/#respond</comments>
		
		<dc:creator><![CDATA[Pier]]></dc:creator>
		<pubDate>Mon, 20 Mar 2023 14:41:11 +0000</pubDate>
				<guid isPermaLink="false">/?post_type=product#038;p=11</guid>

					<description><![CDATA[]]></description>
										<content:encoded><![CDATA[]]></content:encoded>
					
					<wfw:commentRss>/prodotto/smart-watch/feed/</wfw:commentRss>
			<slash:comments>0</slash:comments>
		
		
			</item>
	</channel>
</rss>
